target,split,model,MAE,RMSE,R2
Revenue,valid,lightgbm_log1p,538810.5503625065,789449.3185964094,0.7687996456916651
Revenue,test_like,lightgbm_log1p,627078.7553596327,857747.7771144983,0.7373926165395874
COGS,valid,lightgbm_log1p,475263.28145980457,735595.0284970787,0.7368493298765875
COGS,test_like,lightgbm_log1p,542177.1352769512,744307.161901427,0.7395937518182711
